Filename,Size
EE_AG_AH0131_1.fastq.gz,270461
EE_AG_AH0132_2.fastq.gz,455229
EE_AG_AH0133_3.fastq.gz,2292715
EE_AG_AH0134_4.fastq.gz,1545680
EE_AG_AH0135_5.fastq.gz,1462696
EE_AG_AH0137_6.fastq.gz,267721652
EE_AG_AS0230_7.fastq.gz,263531095
EE_AG_AS0231_8.fastq.gz,307627
EE_AG_AS0233_9.fastq.gz,121395064
EE_AG_AS0234_10.fastq.gz,111198894
EE_AG_AS0238_11.fastq.gz,229535921
EE_AG_BM0330_12.fastq.gz,94818
EE_AG_BM0332_13.fastq.gz,98180751
EE_AG_BM0334_14.fastq.gz,3970604
EE_AG_BM0335_15.fastq.gz,115397369
EE_AG_BM0336_16.fastq.gz,125407315
EE_AG_BM0337_17.fastq.gz,144087208
EE_AG_BM0339_18.fastq.gz,2894365
EE_AG_BV0430_19.fastq.gz,230997343
EE_AG_BV0432_20.fastq.gz,147104763
EE_AG_BV0434_21.fastq.gz,2207644
EE_AG_BV0435_22.fastq.gz,179125534
EE_AG_BV0436_23.fastq.gz,268171325
EE_AG_BV0437_24.fastq.gz,7882424
EE_AG_BV0438_25.fastq.gz,4476597
EE_AG_BV0439_26.fastq.gz,15798999
EE_AG_DH0530_27.fastq.gz,250856043
EE_AG_DH0531_28.fastq.gz,127360218
EE_AG_DH0532_29.fastq.gz,178147115
EE_AG_DH0533_30.fastq.gz,205305541
EE_AG_DH0534_31.fastq.gz,166320590
EE_AG_DH0535_32.fastq.gz,32643256
EE_AG_DH0536_33.fastq.gz,678663
EE_AG_DH0537_34.fastq.gz,345805289
EE_AG_DH0539_35.fastq.gz,2315172
EE_AG_EW0630_36.fastq.gz,210145450
EE_AG_EW0632_37.fastq.gz,487391
EE_AG_EW0633_38.fastq.gz,324259165
EE_AG_EW0634_39.fastq.gz,398842065
EE_AG_EW0635_40.fastq.gz,208695504
EE_AG_EW0636_41.fastq.gz,318148952
EE_AG_EW0637_42.fastq.gz,58234263
EE_AG_EW0638_43.fastq.gz,189296520
EE_AG_EW0639_44.fastq.gz,263388189
EE_AG_FR0730_45.fastq.gz,495017240
EE_AG_FR0732_46.fastq.gz,13206244
EE_AG_FR0733_47.fastq.gz,27775174
EE_AG_FR0734_48.fastq.gz,264519341
EE_AG_FR0735_49.fastq.gz,179063351
EE_AG_FR0736_50.fastq.gz,336260395
EE_AG_FR0737_51.fastq.gz,379060801
EE_AG_FR0738_52.fastq.gz,353097906
EE_AG_FR0739_53.fastq.gz,273796542
EE_AG_GB0830_54.fastq.gz,231774088
EE_AG_GB0831_55.fastq.gz,283942032
EE_AG_GB0833_56.fastq.gz,2272250
EE_AG_GB0835_57.fastq.gz,64673506
EE_AG_GB0838_58.fastq.gz,8330266
EE_AG_GB0839_59.fastq.gz,1763785
EE_AG_HO0930_60.fastq.gz,269565884
EE_AG_HO0931_61.fastq.gz,126116364
EE_AG_HO0932_62.fastq.gz,501691
EE_AG_HO0934_63.fastq.gz,188843168
EE_AG_HO0935_64.fastq.gz,201607807
EE_AG_HO0936_65.fastq.gz,420373889
EE_AG_HO0937_66.fastq.gz,138009842
EE_AG_HO0938_67.fastq.gz,75921201
EE_AG_JC1030_68.fastq.gz,318364511
EE_AG_JC1032_69.fastq.gz,493734470
EE_AG_JC1033_70.fastq.gz,295440643
EE_AG_JC1035_71.fastq.gz,536918803
EE_AG_JC1036_72.fastq.gz,10392312
EE_AG_JC1037_73.fastq.gz,232801213
EE_AG_JC1038_74.fastq.gz,930343
EE_AG_JC1039_75.fastq.gz,239055487
EE_AG_LV1130_76.fastq.gz,357354057
EE_AG_LV1131_77.fastq.gz,413441059
EE_AG_LV1132_78.fastq.gz,326792478
EE_AG_LV1133_79.fastq.gz,258461988
EE_AG_LV1134_80.fastq.gz,399466323
EE_AG_LV1135_81.fastq.gz,546210608
EE_AG_LV1136_82.fastq.gz,416978026
EE_AG_LV1137_83.fastq.gz,225342667
EE_AG_LV1138_84.fastq.gz,433115524
EE_AG_MD1230_85.fastq.gz,108602276
EE_AG_MD1232_86.fastq.gz,19591018
EE_AG_MD1233_87.fastq.gz,172834588
EE_AG_MD1234_88.fastq.gz,241991354
EE_AG_MD1238_89.fastq.gz,488443
EE_AG_MD1239_90.fastq.gz,39480715
EE_AG_PL1430_91.fastq.gz,146604133
EE_AG_PL1431_92.fastq.gz,86778569
EE_AG_PL1432_93.fastq.gz,367412152
EE_AG_PL1433_94.fastq.gz,360858197
EE_AG_PL1438_95.fastq.gz,139061619
EE_AG_PL1439_96.fastq.gz,173490849
EE_AG_PT1330_97.fastq.gz,180998
EE_AG_PT1331_98.fastq.gz,10739169
EE_AG_PT1332_99.fastq.gz,79667648
EE_AG_PT1333_100.fastq.gz,150691549
EE_AG_PT1335_101.fastq.gz,272821163
EE_AG_PT1337_102.fastq.gz,67001795
EE_AG_PT1338_103.fastq.gz,186906451
EE_AG_PT1339_104.fastq.gz,248426412
EE_AG_SS1530_105.fastq.gz,275775285
EE_AG_SS1531_106.fastq.gz,109406753
EE_AG_SS1534_107.fastq.gz,667536
EE_AG_SS1535_108.fastq.gz,140074834
EE_AG_SS1536_109.fastq.gz,1207076
EE_AG_SS1537_110.fastq.gz,3443804
EE_AG_VM1630_111.fastq.gz,3397448
EE_AG_VM1631_112.fastq.gz,1102137
EE_AG_VM1632_113.fastq.gz,139661472
EE_AG_VM1633_114.fastq.gz,158277090
EE_AG_VM1634_115.fastq.gz,314226573
EE_AG_VM1635_116.fastq.gz,251975219
EE_AG_VM1636_117.fastq.gz,360832335
EE_AG_VM1637_118.fastq.gz,228018357
EE_B0_HW_119.fastq.gz,15226249
EE_B0_HW_120.fastq.gz,148004703
EE_B0_HW_121.fastq.gz,5404632
EE_B0_HW_122.fastq.gz,119680991
EE_B0_HW_123.fastq.gz,69342
EE_B0_HW_124.fastq.gz,46681788
EE_B0_HW_125.fastq.gz,32035847
EE_B0_HW_126.fastq.gz,48273106
EE_B0_HW_127.fastq.gz,8469698
EE_B0_HW_128.fastq.gz,36037944
EE_B0_HW_129.fastq.gz,178927696
EE_B0_HW_130.fastq.gz,48638295
EE_B0_HW_131.fastq.gz,15571250
EE_B0_HW_132.fastq.gz,9927276
EE_B0_HW_133.fastq.gz,57048721
EE_B0_HW_134.fastq.gz,9629303
EE_B0_HW_135.fastq.gz,33922302
EE_B0_HW_136.fastq.gz,129697887
EE_B0_HW_137.fastq.gz,86736909
EE_B0_HW_138.fastq.gz,34007426
EE_B0_HW_139.fastq.gz,126090940
EE_B0_HW_140.fastq.gz,2549964
EE_B0_HW_141.fastq.gz,44084101
EE_B0_HW_142.fastq.gz,15500443
EE_B0_HW_143.fastq.gz,96637817
EE_B0_HW_144.fastq.gz,43137877
EE_B0_HW_145.fastq.gz,1142257
EE_B0_HW_146.fastq.gz,4884479
EE_B0_HW_147.fastq.gz,119879800
EE_B0_HW_148.fastq.gz,10221917
EE_B0_HW_149.fastq.gz,9675192
EE_B0_HW_150.fastq.gz,18416034
EE_B0_HW_151.fastq.gz,5096802
EE_B0_HW_152.fastq.gz,154736217
EE_B0_HW_153.fastq.gz,185559275
EE_B0_HW_154.fastq.gz,35126479
EE_B0_JC_155.fastq.gz,283983780
EE_B0_JC_156.fastq.gz,204555834
EE_B0_JC_157.fastq.gz,61594359
EE_B0_JC_158.fastq.gz,159170968
EE_B0_JC_159.fastq.gz,48193315
EE_B0_JC_160.fastq.gz,285872009
EE_B0_JC_161.fastq.gz,75714874
EE_B0_JC_162.fastq.gz,91203991
EE_B0_JC_163.fastq.gz,241763498
EE_B0_JC_164.fastq.gz,23671291
EE_B0_JC_165.fastq.gz,110487562
EE_B0_JC_166.fastq.gz,130899876
EE_B0_JC_167.fastq.gz,75650599
EE_B0_JC_168.fastq.gz,355409105
EE_B0_JC_169.fastq.gz,289454395
EE_B0_JC_170.fastq.gz,152030720
EE_B0_JC_171.fastq.gz,288658926
EE_B0_JC_172.fastq.gz,23962259
EE_B0_JC_173.fastq.gz,77513813
EE_B0_JC_174.fastq.gz,9544342
EE_B0_JC_175.fastq.gz,53685516
EE_B0_JC_176.fastq.gz,47109992
EE_B0_JC_177.fastq.gz,51493623
EE_B0_JC_178.fastq.gz,46178095
EE_B0_JC_179.fastq.gz,14946543
EE_B0_JC_180.fastq.gz,46505706
EE_B0_JC_181.fastq.gz,16910667
EE_B0_JC_182.fastq.gz,4135167
EE_B0_JC_183.fastq.gz,22424672
EE_B0_JC_184.fastq.gz,17592389
EE_B0_JC_185.fastq.gz,4298489
EE_B0_JC_186.fastq.gz,25495927
EE_B0_JC_187.fastq.gz,43689459
EE_B0_JC_188.fastq.gz,17959591
EE_B0_JC_189.fastq.gz,3178355
EE_B0_JC_190.fastq.gz,12890358
EE_B0_PV_191.fastq.gz,156292978
EE_B0_PV_192.fastq.gz,207836413
EE_B0_PV_193.fastq.gz,132910348
EE_B0_PV_194.fastq.gz,14415345
EE_B0_PV_195.fastq.gz,112348767
EE_B0_PV_196.fastq.gz,233462075
EE_B0_PV_197.fastq.gz,227876938
EE_B0_PV_198.fastq.gz,209395336
EE_B0_PV_199.fastq.gz,2594553
EE_B0_PV_200.fastq.gz,9382419
EE_B0_PV_201.fastq.gz,143503646
EE_B0_PV_202.fastq.gz,221031449
EE_B0_PV_203.fastq.gz,190659274
EE_B0_PV_204.fastq.gz,19349513
EE_B0_PV_205.fastq.gz,84431024
EE_B0_PV_206.fastq.gz,191805911
EE_B0_PV_207.fastq.gz,119344821
EE_B0_PV_208.fastq.gz,5752869
EE_B0_PV_209.fastq.gz,5444317
EE_B0_PV_210.fastq.gz,19533525
EE_B0_PV_211.fastq.gz,21311979
EE_B0_PV_212.fastq.gz,484299
EE_B0_PV_213.fastq.gz,26450583
EE_B0_PV_214.fastq.gz,19796305
EE_B0_PV_215.fastq.gz,113841650
EE_B0_PV_216.fastq.gz,4996024
EE_B0_PV_217.fastq.gz,13649722
EE_B0_PV_218.fastq.gz,16977291
EE_B0_PV_219.fastq.gz,13606372
EE_B1_HW_220.fastq.gz,632780
EE_B1_HW_221.fastq.gz,9605306
EE_B1_HW_222.fastq.gz,155066312
EE_B1_HW_223.fastq.gz,235700135
EE_B1_HW_224.fastq.gz,32918060
EE_B1_HW_225.fastq.gz,1690218
EE_B1_HW_226.fastq.gz,555663
EE_B1_HW_227.fastq.gz,36113626
EE_B1_HW_228.fastq.gz,47704416
EE_B1_HW_229.fastq.gz,71052454
EE_B1_HW_230.fastq.gz,110953031
EE_B1_HW_231.fastq.gz,217016242
EE_B1_HW_232.fastq.gz,19123248
EE_B1_HW_233.fastq.gz,15207103
EE_B1_HW_234.fastq.gz,52909300
EE_B1_HW_235.fastq.gz,62492776
EE_B1_HW_236.fastq.gz,23005103
EE_B1_HW_237.fastq.gz,104118318
EE_B1_HW_238.fastq.gz,34105761
EE_B1_HW_239.fastq.gz,122836911
EE_B1_HW_240.fastq.gz,3386184
EE_B1_HW_241.fastq.gz,55530626
EE_B1_HW_242.fastq.gz,43977345
EE_B1_HW_243.fastq.gz,8257836
EE_B1_HW_244.fastq.gz,17582844
EE_B1_HW_245.fastq.gz,21640538
EE_B1_HW_246.fastq.gz,164295444
EE_B1_HW_247.fastq.gz,64620770
EE_B1_HW_248.fastq.gz,23436591
EE_B1_HW_249.fastq.gz,14218086
EE_B1_HW_250.fastq.gz,2371510
EE_B1_HW_251.fastq.gz,15656881
EE_B1_HW_252.fastq.gz,12912871
EE_B1_HW_253.fastq.gz,97478533
EE_B1_HW_254.fastq.gz,160709325
EE_B1_HW_255.fastq.gz,40264259
EE_B1_JC_256.fastq.gz,198113488
EE_B1_JC_257.fastq.gz,207982646
EE_B1_JC_258.fastq.gz,159660378
EE_B1_JC_259.fastq.gz,66107974
EE_B1_JC_260.fastq.gz,5552166
EE_B1_JC_261.fastq.gz,251572500
EE_B1_JC_262.fastq.gz,255942918
EE_B1_JC_263.fastq.gz,272944267
EE_B1_JC_264.fastq.gz,173806430
EE_B1_JC_265.fastq.gz,347801848
EE_B1_JC_266.fastq.gz,298716905
EE_B1_JC_267.fastq.gz,144456021
EE_B1_JC_268.fastq.gz,113642395
EE_B1_JC_269.fastq.gz,272107983
EE_B1_JC_270.fastq.gz,121756967
EE_B1_JC_271.fastq.gz,278821125
EE_B1_JC_272.fastq.gz,268740556
EE_B1_JC_273.fastq.gz,242754667
EE_B1_JC_274.fastq.gz,125465885
EE_B1_JC_275.fastq.gz,24212589
EE_B1_JC_276.fastq.gz,41611350
EE_B1_JC_277.fastq.gz,167012183
EE_B1_JC_278.fastq.gz,303775830
EE_B1_JC_279.fastq.gz,251531530
EE_B1_JC_280.fastq.gz,276109883
EE_B1_JC_281.fastq.gz,286844569
EE_B1_JC_282.fastq.gz,191486078
EE_B1_JC_283.fastq.gz,106402277
EE_B1_JC_284.fastq.gz,24327036
EE_B1_JC_285.fastq.gz,275150150
EE_B1_JC_286.fastq.gz,259537934
EE_B1_JC_287.fastq.gz,228281589
EE_B1_JC_288.fastq.gz,258383430
EE_B1_JC_289.fastq.gz,165013915
EE_B1_JC_290.fastq.gz,3092557
EE_B1_JC_291.fastq.gz,61541832
EE_B1_JC_292.fastq.gz,12719185
EE_B1_JC_293.fastq.gz,342224382
EE_B1_JC_294.fastq.gz,368633366
EE_B1_JC_295.fastq.gz,415376110
EE_B1_JC_296.fastq.gz,245115207
EE_B1_JC_297.fastq.gz,288469172
EE_B1_JC_298.fastq.gz,50842955
EE_B1_JC_299.fastq.gz,16770749
EE_B1_JC_300.fastq.gz,113516861
EE_B1_JC_301.fastq.gz,212944201
EE_B1_JC_302.fastq.gz,84021606
EE_B1_JC_303.fastq.gz,242570310
EE_B1_PV_304.fastq.gz,104987379
EE_B1_PV_305.fastq.gz,4932375
EE_B1_PV_306.fastq.gz,3990728
EE_B1_PV_307.fastq.gz,69619687
EE_B1_PV_308.fastq.gz,1604410
EE_B1_PV_309.fastq.gz,16837519
EE_B1_PV_310.fastq.gz,27689136
EE_B1_PV_311.fastq.gz,13136592
EE_B1_PV_312.fastq.gz,12455655
EE_B1_PV_313.fastq.gz,3021399
EE_B1_PV_314.fastq.gz,7066372
EE_B1_PV_315.fastq.gz,22760972
EE_B1_PV_316.fastq.gz,2377287
EE_B1_PV_317.fastq.gz,381973
EE_B1_PV_318.fastq.gz,77888422
EE_B1_PV_319.fastq.gz,66043486
EE_B1_PV_320.fastq.gz,225401690
EE_B1_PV_321.fastq.gz,6900777
EE_B1_PV_322.fastq.gz,6170117
EE_B1_PV_323.fastq.gz,9953139
EE_B1_PV_324.fastq.gz,7368207
EE_B1_PV_325.fastq.gz,21909169
EE_B1_PV_326.fastq.gz,103654099
EE_B1_PV_327.fastq.gz,138451185
EE_B1_PV_328.fastq.gz,304708111
EE_B1_PV_329.fastq.gz,24076593
EE_B1_PV_330.fastq.gz,96226575
EE_B1_PV_331.fastq.gz,33597161
EE_B1_PV_332.fastq.gz,12685279
EE_B1_PV_333.fastq.gz,58350550
EE_B1_PV_334.fastq.gz,16632069
EE_B1_PV_335.fastq.gz,25273825
EE_B1_PV_336.fastq.gz,25390323
EE_B1_PV_337.fastq.gz,3630679
EE_B1_PV_338.fastq.gz,177037886
EE_B1_PV_339.fastq.gz,171859995
EE_CO_PU_340.fastq.gz,345184091
EE_CO_PU_341.fastq.gz,226336837
EE_CO_PU_342.fastq.gz,150393547
EE_CO_PU_343.fastq.gz,356812762
EE_CO_PU_344.fastq.gz,13037681
EE_CO_PU_345.fastq.gz,53443064
EE_CO_PU_346.fastq.gz,174131968
EE_CO_PU_347.fastq.gz,125029685
EE_CO_PU_348.fastq.gz,1308584
EE_CO_PU_349.fastq.gz,208288519
EE_CO_PU_350.fastq.gz,157724806
EE_CO_PU_351.fastq.gz,233590587
EE_CO_PU_352.fastq.gz,149571233
EE_CO_PU_353.fastq.gz,210863573
EE_CO_PU_354.fastq.gz,142283445
EE_CO_PU_355.fastq.gz,155214812
EE_CO_PU_356.fastq.gz,124602221
EE_CO_PU_357.fastq.gz,153563029
EE_CO_PU_358.fastq.gz,266471016
EE_CO_PU_359.fastq.gz,188466471
EE_CO_PU_360.fastq.gz,279375838
EE_CO_PU_361.fastq.gz,14726351
EE_CO_PU_362.fastq.gz,400396796
EE_CO_PU_363.fastq.gz,178556608
EE_CO_PU_364.fastq.gz,3154146
EE_CO_PU_365.fastq.gz,148555949
EE_CO_PU_366.fastq.gz,202038352
EE_CO_PU_367.fastq.gz,67816932
EE_CO_PU_368.fastq.gz,264009993
EE_CO_PU_369.fastq.gz,111873604
EE_CO_PU_370.fastq.gz,179378301
EE_CO_PU_371.fastq.gz,70834317
EE_CO_PU_372.fastq.gz,169188707
EE_CO_PU_373.fastq.gz,137296869
EE_CO_PU_374.fastq.gz,146102
EE_CO_PU_375.fastq.gz,19844610
EE_CO_PU_376.fastq.gz,291534982
EE_CO_PU_377.fastq.gz,251500772
EE_CO_PU_378.fastq.gz,228638006
EE_CO_PU_379.fastq.gz,306920008
EE_CO_PU_380.fastq.gz,154302269
EE_CO_PU_381.fastq.gz,279117763
EE_CO_PU_382.fastq.gz,30502376
EE_CO_PU_383.fastq.gz,290026004
EE_CO_PU_384.fastq.gz,200603267
EE_CO_PU_385.fastq.gz,78282866
EE_CO_TC_386.fastq.gz,162798016
EE_CO_TC_387.fastq.gz,219674927
EE_CO_TC_388.fastq.gz,257918830
EE_CO_TC_389.fastq.gz,132266688
EE_CO_TC_390.fastq.gz,86869329
EE_CO_TC_391.fastq.gz,30180742
EE_CO_TC_392.fastq.gz,6246408
EE_CO_TC_393.fastq.gz,230820325
EE_CO_TC_394.fastq.gz,10477709
EE_CO_TC_395.fastq.gz,186131549
EE_CO_TC_396.fastq.gz,156319035
EE_CO_TC_397.fastq.gz,95258217
EE_CO_TC_398.fastq.gz,53761028
EE_CO_TC_399.fastq.gz,177080564
EE_CO_TC_400.fastq.gz,143176431
EE_CO_TC_401.fastq.gz,32596333
EE_CO_TC_402.fastq.gz,157591647
EE_CO_TC_403.fastq.gz,107323647
EE_CO_TC_404.fastq.gz,93428678
EE_CO_TC_405.fastq.gz,189173608
EE_CO_TC_406.fastq.gz,19637038
EE_CO_TC_407.fastq.gz,83176205
EE_CO_TC_408.fastq.gz,3677100
EE_CO_TC_409.fastq.gz,34976166
EE_CO_TC_410.fastq.gz,152696066
EE_CO_TC_411.fastq.gz,50892266
EE_CO_TC_412.fastq.gz,263712118
EE_CO_TC_413.fastq.gz,210258266
EE_CO_TC_414.fastq.gz,112010650
EE_CO_TC_415.fastq.gz,123560549
EE_CO_TC_416.fastq.gz,66083788
EE_CO_TC_417.fastq.gz,115729479
EE_CO_TC_418.fastq.gz,222090292
EE_CO_TC_419.fastq.gz,45159807
EE_CO_TC_420.fastq.gz,256599728
EE_CO_TC_421.fastq.gz,230146555
EE_CO_TC_422.fastq.gz,318143295
EE_CO_TC_423.fastq.gz,80853405
EE_CO_TC_424.fastq.gz,33484638
EE_CO_TC_425.fastq.gz,25031457
EE_CO_TC_426.fastq.gz,197976080
EE_CO_TC_427.fastq.gz,267692252
EE_CO_TC_428.fastq.gz,86068303
EE_CO_TC_429.fastq.gz,137910755
EE_CO_TC_430.fastq.gz,173580097
EE_CO_TC_431.fastq.gz,36450116
ELEL_GR_W632516_432.fastq.gz,75973203
ELEL_GR_W632516_433.fastq.gz,51729785
ELEL_GR_W632516_434.fastq.gz,91953344
ELEL_GR_W632516_435.fastq.gz,46285777
ELEL_GR_W632516_436.fastq.gz,50037254
ELEL_GR_W632516_437.fastq.gz,40945678
ELEL_GR_W632516_438.fastq.gz,60286827
ELEL_GR_W632516_439.fastq.gz,74788812
ELEL_GR_W632710_440.fastq.gz,18892845
ELEL_GR_W632710_441.fastq.gz,74445308
ELEL_GR_W632710_442.fastq.gz,56671720
ELEL_GR_W632710_443.fastq.gz,37860895
ELEL_GR_W632710_444.fastq.gz,29781202
ELEL_GR_W632710_445.fastq.gz,13856352
ELEL_GR_W632710_446.fastq.gz,33340708
ELEL_GR_W632710_447.fastq.gz,48160205
ELEL_GR_W640119_448.fastq.gz,7800449
ELEL_GR_W640119_449.fastq.gz,46856627
ELEL_GR_W640119_450.fastq.gz,16064106
ELEL_GR_W640119_451.fastq.gz,39723241
ELEL_GR_W640119_452.fastq.gz,13791814
ELEL_GR_W640119_453.fastq.gz,52081319
ELEL_GR_W640119_454.fastq.gz,56688509
ELEL_GR_W640119_455.fastq.gz,4374083
ELEL_GR_W640429_456.fastq.gz,45042727
ELEL_GR_W640429_457.fastq.gz,4210941
ELEL_GR_W640429_458.fastq.gz,81422085
ELEL_GR_W640429_459.fastq.gz,41874614
ELEL_GR_W640429_460.fastq.gz,18479037
ELEL_GR_W640429_461.fastq.gz,47979420
ELEL_GR_W640429_462.fastq.gz,1277471
ELEL_GR_W640429_463.fastq.gz,42215207
ELEL_GR_W640732_464.fastq.gz,76183849
ELEL_GR_W640732_465.fastq.gz,120016809
ELEL_GR_W640732_466.fastq.gz,88956632
ELEL_GR_W640732_467.fastq.gz,81410053
ELEL_GR_W640732_468.fastq.gz,25922454
ELEL_GR_W640732_469.fastq.gz,54812202
ELEL_GR_W640732_470.fastq.gz,39707212
ELEL_GR_W640732_471.fastq.gz,94930904
ELEL_GR_W643085_472.fastq.gz,46044535
ELEL_GR_W643085_473.fastq.gz,45890829
ELEL_GR_W643085_474.fastq.gz,123472050
ELEL_GR_W643085_475.fastq.gz,85050498
ELEL_GR_W643085_476.fastq.gz,27520139
ELEL_GR_W643085_477.fastq.gz,71064172
ELEL_GR_W643085_478.fastq.gz,127324006
ELEL_GR_W643085_479.fastq.gz,67230388
ELEL_GR_W644339_480.fastq.gz,31992813
ELEL_GR_W644339_481.fastq.gz,158207275
ELEL_GR_W644339_482.fastq.gz,92775330
ELEL_GR_W644339_483.fastq.gz,42694687
ELEL_GR_W644339_484.fastq.gz,31636083
ELEL_GR_W644339_485.fastq.gz,5167384
ELEL_GR_W644339_486.fastq.gz,61982761
ELEL_GR_W644339_487.fastq.gz,39355301
ELEL_GR_W652430_488.fastq.gz,46534248
ELEL_GR_W652430_489.fastq.gz,97986458
ELEL_GR_W652430_490.fastq.gz,123713892
ELEL_GR_W652430_491.fastq.gz,88137342
ELEL_GR_W652430_492.fastq.gz,95565599
ELEL_GR_W652430_493.fastq.gz,46838369
ELEL_GR_W652430_494.fastq.gz,59305246
ELEL_GR_W652430_495.fastq.gz,38767694
ELEL_GR_W652483_496.fastq.gz,47992338
ELEL_GR_W652483_497.fastq.gz,64260579
ELEL_GR_W652483_498.fastq.gz,93908905
ELEL_GR_W652483_499.fastq.gz,44637314
ELEL_GR_W652483_500.fastq.gz,83360366
ELEL_GR_W652483_501.fastq.gz,93786752
ELEL_GR_W652483_502.fastq.gz,45830631
ELEL_GR_W652483_503.fastq.gz,59797294
ELEL_GR_W655233_504.fastq.gz,51144809
ELEL_GR_W655233_505.fastq.gz,88965414
ELEL_GR_W655233_506.fastq.gz,64539359
ELEL_GR_W655233_507.fastq.gz,71611280
ELEL_GR_W655233_508.fastq.gz,46922310
ELEL_GR_W655233_509.fastq.gz,59350027
ELEL_GR_W655233_510.fastq.gz,80303094
ELEL_GR_W655233_511.fastq.gz,82419479
ELEL_GR_W655235_512.fastq.gz,14171841
ELEL_GR_W655235_513.fastq.gz,4151321
ELEL_GR_W655235_514.fastq.gz,49420256
ELEL_GR_W655235_515.fastq.gz,106681622
ELEL_GR_W655235_516.fastq.gz,107040085
ELEL_GR_W655235_517.fastq.gz,76478608
ELEL_GR_W655235_518.fastq.gz,99983480
ELEL_GR_W655235_519.fastq.gz,109547250
ELEL_GR_W656003_520.fastq.gz,29262627
ELEL_GR_W656003_521.fastq.gz,104313337
ELEL_GR_W656003_522.fastq.gz,38833046
ELEL_GR_W656003_523.fastq.gz,90295899
ELEL_GR_W656003_524.fastq.gz,38659349
ELEL_GR_W656003_525.fastq.gz,68191136
ELEL_GR_W656003_526.fastq.gz,113507459
ELEL_GR_W656003_527.fastq.gz,95882748
ELEL_GR_W656338_528.fastq.gz,15840052
ELEL_GR_W656338_529.fastq.gz,68672293
ELEL_GR_W656338_530.fastq.gz,77291337
ELEL_GR_W656338_531.fastq.gz,74224600
ELEL_GR_W656338_532.fastq.gz,8577074
ELEL_GR_W656338_533.fastq.gz,3344780
ELEL_GR_W656338_534.fastq.gz,99195462
ELEL_GR_W656338_535.fastq.gz,81043134
ELEL_GR_W657679_536.fastq.gz,47972530
ELEL_GR_W657679_537.fastq.gz,77867177
ELEL_GR_W657679_538.fastq.gz,70703360
ELEL_GR_W657679_539.fastq.gz,76825220
ELEL_GR_W657679_540.fastq.gz,26645544
ELEL_GR_W657679_541.fastq.gz,11218345
ELEL_GR_W657679_542.fastq.gz,89814820
ELEL_GR_W657679_543.fastq.gz,9727833
ELEL_GR_W659426_544.fastq.gz,40626127
ELEL_GR_W659426_545.fastq.gz,32944035
ELEL_GR_W659426_546.fastq.gz,71833860
ELEL_GR_W659426_547.fastq.gz,31932671
ELEL_GR_W659426_548.fastq.gz,54710920
ELEL_GR_W659426_549.fastq.gz,10502327
ELEL_GR_W659426_550.fastq.gz,57442502
ELEL_GR_W659426_551.fastq.gz,33787202
ELEL_GR_W661012_552.fastq.gz,16857259
ELEL_GR_W661012_553.fastq.gz,25645604
ELEL_GR_W661012_554.fastq.gz,52451454
ELEL_GR_W661012_555.fastq.gz,69053225
ELEL_GR_W661012_556.fastq.gz,72435458
ELEL_GR_W661012_557.fastq.gz,47078655
ELEL_GR_W661012_558.fastq.gz,78739468
ELEL_GR_W661012_559.fastq.gz,25568288
ELEL_RM_AR_560.fastq.gz,119119759
ELEL_RM_AR_561.fastq.gz,138066328
ELEL_RM_AR_562.fastq.gz,128768674
ELEL_RM_AR_563.fastq.gz,89651154
ELEL_RM_AR_564.fastq.gz,71492641
ELEL_RM_AR_565.fastq.gz,122893080
ELEL_RM_AR_566.fastq.gz,102527681
ELEL_RM_AR_567.fastq.gz,124326000
ELEL_RM_AR_568.fastq.gz,120214351
ELEL_RM_AR_569.fastq.gz,115681036
ELEL_RM_BC_570.fastq.gz,115038133
ELEL_RM_BC_571.fastq.gz,110748984
ELEL_RM_BC_572.fastq.gz,157087064
ELEL_RM_BC_573.fastq.gz,168189052
ELEL_RM_BC_574.fastq.gz,106725426
ELEL_RM_BC_575.fastq.gz,154627379
ELEL_RM_BC_576.fastq.gz,144344648
ELEL_RM_BC_577.fastq.gz,87005014
ELEL_RM_BC_578.fastq.gz,131098698
ELEL_RM_BC_579.fastq.gz,163702458
ELEL_RM_BK_580.fastq.gz,66871762
ELEL_RM_BK_581.fastq.gz,106473389
ELEL_RM_BK_582.fastq.gz,136168217
ELEL_RM_BK_583.fastq.gz,82148250
ELEL_RM_BK_584.fastq.gz,79806225
ELEL_RM_BK_585.fastq.gz,81478971
ELEL_RM_BK_586.fastq.gz,122162982
ELEL_RM_BK_587.fastq.gz,133902783
ELEL_RM_BK_588.fastq.gz,36890404
ELEL_RM_BK_589.fastq.gz,92554831
ELEL_RM_BK_590.fastq.gz,95568774
ELEL_RM_BL_591.fastq.gz,104584689
ELEL_RM_BL_592.fastq.gz,135412413
ELEL_RM_BL_593.fastq.gz,165725936
ELEL_RM_BL_594.fastq.gz,143448032
ELEL_RM_BL_595.fastq.gz,165737228
ELEL_RM_BL_596.fastq.gz,153631469
ELEL_RM_BL_597.fastq.gz,118767880
ELEL_RM_BL_598.fastq.gz,100712746
ELEL_RM_BL_599.fastq.gz,130697897
ELEL_RM_BL_600.fastq.gz,142374650
ELEL_RM_BP_601.fastq.gz,133416219
ELEL_RM_BP_602.fastq.gz,117417170
ELEL_RM_BP_603.fastq.gz,132021850
ELEL_RM_BP_604.fastq.gz,102011686
ELEL_RM_BP_605.fastq.gz,134196860
ELEL_RM_BP_606.fastq.gz,92231143
ELEL_RM_BP_607.fastq.gz,159464716
ELEL_RM_BP_608.fastq.gz,137207814
ELEL_RM_BP_609.fastq.gz,110971726
ELEL_RM_BP_610.fastq.gz,119604462
ELEL_RM_BS_611.fastq.gz,130269560
ELEL_RM_BS_612.fastq.gz,80623466
ELEL_RM_BS_613.fastq.gz,128971142
ELEL_RM_BS_614.fastq.gz,116488356
ELEL_RM_BS_615.fastq.gz,105725226
ELEL_RM_BS_616.fastq.gz,131420977
ELEL_RM_BS_617.fastq.gz,111896508
ELEL_RM_CC_618.fastq.gz,120197738
ELEL_RM_CC_619.fastq.gz,162205993
ELEL_RM_CC_620.fastq.gz,139547648
ELEL_RM_CC_621.fastq.gz,119021221
ELEL_RM_CC_622.fastq.gz,138611618
ELEL_RM_CC_623.fastq.gz,133766999
ELEL_RM_CC_624.fastq.gz,115902322
ELEL_RM_CC_625.fastq.gz,159444824
ELEL_RM_CC_626.fastq.gz,90605546
ELEL_RM_CC_627.fastq.gz,88894161
ELEL_RM_CC_628.fastq.gz,144691947
ELEL_RM_CD_629.fastq.gz,102271163
ELEL_RM_CD_630.fastq.gz,164369253
ELEL_RM_CD_631.fastq.gz,109900978
ELEL_RM_CD_632.fastq.gz,113213853
ELEL_RM_CD_633.fastq.gz,74187619
ELEL_RM_CD_634.fastq.gz,127719537
ELEL_RM_CD_635.fastq.gz,102515546
ELEL_RM_CD_636.fastq.gz,96290491
ELEL_RM_CD_637.fastq.gz,141117110
ELEL_RM_CD_638.fastq.gz,141840360
ELEL_RM_CF_639.fastq.gz,91143646
ELEL_RM_CF_640.fastq.gz,54963514
ELEL_RM_CF_641.fastq.gz,178175931
ELEL_RM_CF_642.fastq.gz,102156219
ELEL_RM_CF_643.fastq.gz,127830943
ELEL_RM_CF_644.fastq.gz,135088077
ELEL_RM_CF_645.fastq.gz,116033357
ELEL_RM_CF_646.fastq.gz,128145381
ELEL_RM_CF_647.fastq.gz,89434832
ELEL_RM_CF_648.fastq.gz,121336824
ELEL_RM_CH_649.fastq.gz,11441410
ELEL_RM_CH_650.fastq.gz,12202011
ELEL_RM_CH_651.fastq.gz,116469206
ELEL_RM_CH_652.fastq.gz,117839803
ELEL_RM_CH_653.fastq.gz,107455431
ELEL_RM_CH_654.fastq.gz,125132188
ELEL_RM_CH_655.fastq.gz,100257947
ELEL_RM_CH_656.fastq.gz,111384316
ELEL_RM_CH_657.fastq.gz,154619445
ELEL_RM_CH_658.fastq.gz,143848859
ELEL_RM_CM_659.fastq.gz,131661913
ELEL_RM_CM_660.fastq.gz,113286704
ELEL_RM_CM_661.fastq.gz,140199142
ELEL_RM_CM_662.fastq.gz,130486961
ELEL_RM_CM_663.fastq.gz,127081299
ELEL_RM_CM_664.fastq.gz,102070479
ELEL_RM_CM_665.fastq.gz,96262269
ELEL_RM_CM_666.fastq.gz,153988564
ELEL_RM_CM_667.fastq.gz,129848407
ELEL_RM_CM_668.fastq.gz,108345193
ELEL_RM_CO_669.fastq.gz,124426700
ELEL_RM_CO_670.fastq.gz,148886588
ELEL_RM_CO_671.fastq.gz,129713273
ELEL_RM_CO_672.fastq.gz,216909724
ELEL_RM_CO_673.fastq.gz,172859316
ELEL_RM_CO_674.fastq.gz,111182658
ELEL_RM_CR_675.fastq.gz,138601927
ELEL_RM_CR_676.fastq.gz,133515215
ELEL_RM_CR_677.fastq.gz,137825778
ELEL_RM_CR_678.fastq.gz,128252665
ELEL_RM_CR_679.fastq.gz,141716408
ELEL_RM_CR_680.fastq.gz,146571145
ELEL_RM_CR_681.fastq.gz,146132183
ELEL_RM_CR_682.fastq.gz,166060981
ELEL_RM_CR_683.fastq.gz,77107755
ELEL_RM_CR_684.fastq.gz,145175125
ELEL_RM_CW_685.fastq.gz,212279126
ELEL_RM_CW_686.fastq.gz,136493351
ELEL_RM_CW_687.fastq.gz,159343072
ELEL_RM_CW_688.fastq.gz,189996204
ELEL_RM_DN_689.fastq.gz,167715051
ELEL_RM_DN_690.fastq.gz,151912579
ELEL_RM_DN_691.fastq.gz,163342608
ELEL_RM_DN_692.fastq.gz,147655402
ELEL_RM_DN_693.fastq.gz,137601497
ELEL_RM_DN_694.fastq.gz,192413850
ELEL_RM_DR_695.fastq.gz,102221113
ELEL_RM_DR_696.fastq.gz,139250859
ELEL_RM_DR_697.fastq.gz,106504508
ELEL_RM_DR_698.fastq.gz,73457466
ELEL_RM_DR_699.fastq.gz,124165341
ELEL_RM_DR_700.fastq.gz,113859164
ELEL_RM_DR_701.fastq.gz,124842818
ELEL_RM_DR_702.fastq.gz,146866566
ELEL_RM_DR_703.fastq.gz,141547899
ELEL_RM_DR_704.fastq.gz,80300297
ELEL_RM_DW_705.fastq.gz,228473891
ELEL_RM_DW_706.fastq.gz,129801474
ELEL_RM_DW_707.fastq.gz,132646693
ELEL_RM_DW_708.fastq.gz,148529510
ELEL_RM_DW_709.fastq.gz,152274745
ELEL_RM_HA_710.fastq.gz,151155798
ELEL_RM_HA_711.fastq.gz,179847040
ELEL_RM_HA_712.fastq.gz,110387477
ELEL_RM_HA_713.fastq.gz,186292482
ELEL_RM_HA_714.fastq.gz,221701996
ELEL_RM_HA_715.fastq.gz,198874871
ELEL_RM_HA_716.fastq.gz,250978722
ELEL_RM_HA_717.fastq.gz,81881152
ELEL_RM_HA_718.fastq.gz,86463406
ELEL_RM_HA_719.fastq.gz,131480581
ELEL_RM_HC_720.fastq.gz,95971703
ELEL_RM_HC_721.fastq.gz,118522920
ELEL_RM_HC_722.fastq.gz,123606326
ELEL_RM_HC_723.fastq.gz,122345118
ELEL_RM_HC_724.fastq.gz,118641797
ELEL_RM_HC_725.fastq.gz,122349980
ELEL_RM_HC_726.fastq.gz,142803201
ELEL_RM_HC_727.fastq.gz,117726045
ELEL_RM_HC_728.fastq.gz,113383585
ELEL_RM_HC_729.fastq.gz,91914564
ELEL_RM_HI_730.fastq.gz,135371113
ELEL_RM_HI_731.fastq.gz,193415089
ELEL_RM_HI_732.fastq.gz,257150707
ELEL_RM_HI_733.fastq.gz,161741262
ELEL_RM_HI_734.fastq.gz,173978934
ELEL_RM_HI_735.fastq.gz,184691618
ELEL_RM_HI_736.fastq.gz,108775821
ELEL_RM_HI_737.fastq.gz,130011578
ELEL_RM_HI_738.fastq.gz,85023263
ELEL_RM_HI_739.fastq.gz,106791171
ELEL_RM_IW_740.fastq.gz,175074029
ELEL_RM_IW_741.fastq.gz,129758674
ELEL_RM_IW_742.fastq.gz,155510831
ELEL_RM_IW_743.fastq.gz,99961333
ELEL_RM_IW_744.fastq.gz,115902914
ELEL_RM_IW_745.fastq.gz,129096173
ELEL_RM_IW_746.fastq.gz,136390271
ELEL_RM_IW_747.fastq.gz,123562587
ELEL_RM_JM_748.fastq.gz,112839612
ELEL_RM_JM_749.fastq.gz,123325682
ELEL_RM_JM_750.fastq.gz,114141501
ELEL_RM_JM_751.fastq.gz,77752629
ELEL_RM_JM_752.fastq.gz,100094766
ELEL_RM_JM_753.fastq.gz,95034206
ELEL_RM_JM_754.fastq.gz,114443033
ELEL_RM_JM_755.fastq.gz,205537263
ELEL_RM_JM_756.fastq.gz,188949902
ELEL_RM_JM_757.fastq.gz,108357164
ELEL_RM_LC_758.fastq.gz,971125
ELEL_RM_LC_759.fastq.gz,111847479
ELEL_RM_LC_760.fastq.gz,103232508
ELEL_RM_LC_761.fastq.gz,141495556
ELEL_RM_LC_762.fastq.gz,109830453
ELEL_RM_LC_763.fastq.gz,143304841
ELEL_RM_LC_764.fastq.gz,95838172
ELEL_RM_LC_765.fastq.gz,113937697
ELEL_RM_LC_766.fastq.gz,87548490
ELEL_RM_LC_767.fastq.gz,107921912
ELEL_RM_LM_768.fastq.gz,196611529
ELEL_RM_LM_769.fastq.gz,161553772
ELEL_RM_LM_770.fastq.gz,168605629
ELEL_RM_LM_771.fastq.gz,175593418
ELEL_RM_LM_772.fastq.gz,114460374
ELEL_RM_LM_773.fastq.gz,166728651
ELEL_RM_LM_774.fastq.gz,136959280
ELEL_RM_LM_775.fastq.gz,154721350
ELEL_RM_LM_776.fastq.gz,225531214
ELEL_RM_LM_777.fastq.gz,161370921
ELEL_RM_MF_778.fastq.gz,132644146
ELEL_RM_MF_779.fastq.gz,105870740
ELEL_RM_MF_780.fastq.gz,133894379
ELEL_RM_MF_781.fastq.gz,139133140
ELEL_RM_MF_782.fastq.gz,106276417
ELEL_RM_MF_783.fastq.gz,130216516
ELEL_RM_MF_784.fastq.gz,133041212
ELEL_RM_MF_785.fastq.gz,164312549
ELEL_RM_MF_786.fastq.gz,122947357
ELEL_RM_MM_787.fastq.gz,151980734
ELEL_RM_MM_788.fastq.gz,73141585
ELEL_RM_MM_789.fastq.gz,102486256
ELEL_RM_MM_790.fastq.gz,97242498
ELEL_RM_MM_791.fastq.gz,166448906
ELEL_RM_MM_792.fastq.gz,75708899
ELEL_RM_MM_793.fastq.gz,110996367
ELEL_RM_MM_794.fastq.gz,121201541
ELEL_RM_MM_795.fastq.gz,113171797
ELEL_RM_MM_796.fastq.gz,106387577
ELEL_RM_MP_797.fastq.gz,108978156
ELEL_RM_MP_798.fastq.gz,68009609
ELEL_RM_MP_799.fastq.gz,66093079
ELEL_RM_MP_800.fastq.gz,134003681
ELEL_RM_MP_801.fastq.gz,127778686
ELEL_RM_MP_802.fastq.gz,95237710
ELEL_RM_MP_803.fastq.gz,147891203
ELEL_RM_MP_804.fastq.gz,94865873
ELEL_RM_MP_805.fastq.gz,137461457
ELEL_RM_MP_806.fastq.gz,102482133
ELEL_RM_MP_807.fastq.gz,116904336
ELEL_RM_MP_808.fastq.gz,149886218
ELEL_RM_NC_809.fastq.gz,92717575
ELEL_RM_NC_810.fastq.gz,140869171
ELEL_RM_NC_811.fastq.gz,132742958
ELEL_RM_NC_812.fastq.gz,121718824
ELEL_RM_NC_813.fastq.gz,82307809
ELEL_RM_NC_814.fastq.gz,104625090
ELEL_RM_NC_815.fastq.gz,85403752
ELEL_RM_NC_816.fastq.gz,137152033
ELEL_RM_NC_817.fastq.gz,90743623
ELEL_RM_NC_818.fastq.gz,102584291
ELEL_RM_NF_819.fastq.gz,140393835
ELEL_RM_NF_820.fastq.gz,91173606
ELEL_RM_NF_821.fastq.gz,99357648
ELEL_RM_NF_822.fastq.gz,124417082
ELEL_RM_NR_823.fastq.gz,112522142
ELEL_RM_NR_824.fastq.gz,90018850
ELEL_RM_NR_825.fastq.gz,115382922
ELEL_RM_NR_826.fastq.gz,99202834
ELEL_RM_NR_827.fastq.gz,93116250
ELEL_RM_NR_828.fastq.gz,108339008
ELEL_RM_NR_829.fastq.gz,158808990
ELEL_RM_NR_830.fastq.gz,146011568
ELEL_RM_NR_831.fastq.gz,188576239
ELEL_RM_NR_832.fastq.gz,148474139
ELEL_RM_OC_833.fastq.gz,120332332
ELEL_RM_OC_834.fastq.gz,72267379
ELEL_RM_OC_835.fastq.gz,168453785
ELEL_RM_OC_836.fastq.gz,59305032
ELEL_RM_OC_837.fastq.gz,81974752
ELEL_RM_OC_838.fastq.gz,111954505
ELEL_RM_OC_839.fastq.gz,122483829
ELEL_RM_OC_840.fastq.gz,77399988
ELEL_RM_OC_841.fastq.gz,128366305
ELEL_RM_OC_842.fastq.gz,138717761
ELEL_RM_PF_843.fastq.gz,68039382
ELEL_RM_PF_844.fastq.gz,132300354
ELEL_RM_PF_845.fastq.gz,112798990
ELEL_RM_PG_846.fastq.gz,32646968
ELEL_RM_PG_847.fastq.gz,144725279
ELEL_RM_PG_848.fastq.gz,119144473
ELEL_RM_PG_849.fastq.gz,131032721
ELEL_RM_PG_850.fastq.gz,126649460
ELEL_RM_PG_851.fastq.gz,95977881
ELEL_RM_PG_852.fastq.gz,87598398
ELEL_RM_PG_853.fastq.gz,130917334
ELEL_RM_PG_854.fastq.gz,71518446
ELEL_RM_PG_855.fastq.gz,144312071
ELEL_RM_SA_856.fastq.gz,169263038
ELEL_RM_SA_857.fastq.gz,112143928
ELEL_RM_SA_858.fastq.gz,82712858
ELEL_RM_SA_859.fastq.gz,93291174
ELEL_RM_SA_860.fastq.gz,113140331
ELEL_RM_SA_861.fastq.gz,238196525
ELEL_RM_SA_862.fastq.gz,107812800
ELEL_RM_SA_863.fastq.gz,110165099
ELEL_RM_SA_864.fastq.gz,141147214
ELEL_RM_SA_865.fastq.gz,107919242
ELEL_RM_SC_866.fastq.gz,144345726
ELEL_RM_SC_867.fastq.gz,51112688
ELEL_RM_SC_868.fastq.gz,85022181
ELEL_RM_SC_869.fastq.gz,70604602
ELEL_RM_SC_870.fastq.gz,143552977
ELEL_RM_SC_871.fastq.gz,127847986
ELEL_RM_SC_872.fastq.gz,105340067
ELEL_RM_SC_873.fastq.gz,141127383
ELEL_RM_SC_874.fastq.gz,93246349
ELEL_RM_SC_875.fastq.gz,107628962
ELEL_RM_SD_876.fastq.gz,115724747
ELEL_RM_SD_877.fastq.gz,128759625
ELEL_RM_SD_878.fastq.gz,98359466
ELEL_RM_SD_879.fastq.gz,172245990
ELEL_RM_SD_880.fastq.gz,79544406
ELEL_RM_SD_881.fastq.gz,74902559
ELEL_RM_SD_882.fastq.gz,106851149
ELEL_RM_SD_883.fastq.gz,93118725
ELEL_RM_SD_884.fastq.gz,79384507
ELEL_RM_SD_885.fastq.gz,149661844
ELEL_RM_SF_886.fastq.gz,129714977
ELEL_RM_SF_887.fastq.gz,186265885
ELEL_RM_SF_888.fastq.gz,158356667
ELEL_RM_SF_889.fastq.gz,112873965
ELEL_RM_SF_890.fastq.gz,111888862
ELEL_RM_SF_891.fastq.gz,125600100
ELEL_RM_SF_892.fastq.gz,129255407
ELEL_RM_SF_893.fastq.gz,105527599
ELEL_RM_SF_894.fastq.gz,108454016
ELEL_RM_SF_895.fastq.gz,183209117
ELEL_RM_SR_896.fastq.gz,152354866
ELEL_RM_SR_897.fastq.gz,137980041
ELEL_RM_SR_898.fastq.gz,94076894
ELEL_RM_SR_899.fastq.gz,148890355
ELEL_RM_SR_900.fastq.gz,275384756
ELEL_RM_SR_901.fastq.gz,121307082
ELEL_RM_SR_902.fastq.gz,126033784
ELEL_RM_SR_903.fastq.gz,182247036
ELEL_RM_SR_904.fastq.gz,90266760
ELEL_RM_SR_905.fastq.gz,139827261
ELEL_RM_SY_906.fastq.gz,166486134
ELEL_RM_SY_907.fastq.gz,124664654
ELEL_RM_SY_908.fastq.gz,124478455
ELEL_RM_WD_909.fastq.gz,106552693
ELEL_RM_WD_910.fastq.gz,128206921
ELEL_RM_WD_911.fastq.gz,146775562
ELEL_RM_WD_912.fastq.gz,192196693
ELEL_RM_WD_913.fastq.gz,136281470
ELEL_RM_WD_914.fastq.gz,77144057
ELEL_RM_WD_915.fastq.gz,38830154
ELEL_RM_WD_916.fastq.gz,108674474
ELEL_RM_WD_917.fastq.gz,89948241
ELEL_RM_WM_918.fastq.gz,96376908
ELEL_RM_WM_919.fastq.gz,133487989
ELEL_RM_WM_920.fastq.gz,118431150
ELEL_RM_WM_921.fastq.gz,108537092
ELEL_RM_WM_922.fastq.gz,127468033
ELEL_RM_WM_923.fastq.gz,60386227
ELEL_RM_WM_924.fastq.gz,130631521
ELEL_RM_WM_925.fastq.gz,133589232
ELEL_RM_WM_926.fastq.gz,48821997
ELEL_RM_WM_927.fastq.gz,103947307
ELEL_RM_WP_928.fastq.gz,64732939
ELEL_RM_WP_929.fastq.gz,144464823
ELEL_RM_WP_930.fastq.gz,125915081
ELEL_RM_WP_931.fastq.gz,50973894
ELEL_RM_WR_932.fastq.gz,101543314
ELEL_RM_WR_933.fastq.gz,57583300
ELEL_RM_WR_934.fastq.gz,128624106
ELEL_RM_WR_935.fastq.gz,146477100
ELEL_RM_WR_936.fastq.gz,83340601
ELEL_RM_WR_937.fastq.gz,106931015
ELEL_RM_WR_938.fastq.gz,127579076
ELEL_RM_WW_939.fastq.gz,140883403
ELEL_RM_WW_940.fastq.gz,72943596
ELEL_RM_WW_941.fastq.gz,146932526
ELEL_RM_WW_942.fastq.gz,159842211
ELEL_RM_WW_943.fastq.gz,91875831
fileSize_report.csv,31701
